file,species
1f3f44563.png,Maize
7d4cd07ad.png,Common Chickweed
cbba27d89.png,Maize
8f523520c.png,Shepherds Purse
31f3dd81f.png,Loose Silky-bent
4b032563b.png,Common Chickweed
54c8bb900.png,Charlock
7696badea.png,Black-grass
ab35453cb.png,Cleavers
fea1d13d6.png,Common Chickweed
48231e475.png,Scentless Mayweed
e96e57a90.png,Shepherds Purse
5315c2dca.png,Loose Silky-bent
56a01b835.png,Cleavers
4c8005bbc.png,Black-grass
e5368474f.png,Scentless Mayweed
995c7ab1e.png,Sugar beet
8311740de.png,Fat Hen
74fd477eb.png,Common Chickweed
5b63dcc21.png,Common Chickweed
3efa1f66c.png,Loose Silky-bent
dd9f36df7.png,Small-flowered Cranesbill
f1f7c833f.png,Shepherds Purse
c7eb96871.png,Common wheat
e52493d0b.png,Common wheat
ace8761dd.png,Common Chickweed
19e58cc5e.png,Common Chickweed
e4a76885b.png,Maize
490c4f9c8.png,Fat Hen
5a6bf96f6.png,Maize
aee6fa3df.png,Loose Silky-bent
539961189.png,Common Chickweed
9d79a1f0c.png,Small-flowered Cranesbill
f4ad9d950.png,Sugar beet
0caeda5df.png,Common wheat
cc74feadc.png,Black-grass
d7017f701.png,Fat Hen
c74c5b7fc.png,Shepherds Purse
93d76fd5d.png,Small-flowered Cranesbill
b62dca166.png,Fat Hen
8455169fe.png,Common wheat
55a852f40.png,Common Chickweed
3b73c3b61.png,Loose Silky-bent
39c8fde99.png,Loose Silky-bent
974959ec1.png,Common wheat
b29339405.png,Loose Silky-bent
0f6cbe5e8.png,Maize
b2706e2b3.png,Common wheat
edfdb4aeb.png,Scentless Mayweed
f85ed9b6d.png,Shepherds Purse
6908fb540.png,Sugar beet
b5c7fd009.png,Black-grass
659412b1a.png,Loose Silky-bent
35ebe165c.png,Loose Silky-bent
6edc76e7c.png,Fat Hen
592473c83.png,Loose Silky-bent
98da6ef4e.png,Scentless Mayweed
e15472085.png,Common Chickweed
534e74d83.png,Maize
13b9fa92d.png,Sugar beet
cb76a7766.png,Fat Hen
cd5f0db1c.png,Small-flowered Cranesbill
d563be369.png,Fat Hen
19b51843a.png,Common Chickweed
bffc08672.png,Scentless Mayweed
3f826b318.png,Common Chickweed
5296835a0.png,Small-flowered Cranesbill
1694a70e4.png,Scentless Mayweed
b7ad92859.png,Shepherds Purse
afa446484.png,Small-flowered Cranesbill
79d93bc96.png,Loose Silky-bent
d2f0f326e.png,Charlock
7beb2766f.png,Scentless Mayweed
df521c0c0.png,Loose Silky-bent
fd253a74e.png,Cleavers
c6b76307d.png,Cleavers
d668409ff.png,Loose Silky-bent
41f1c3cdb.png,Fat Hen
fbf88b6be.png,Charlock
632156793.png,Cleavers
2693e5c65.png,Maize
897e5a8de.png,Cleavers
12625488b.png,Fat Hen
a8b431a3e.png,Sugar beet
87608f7aa.png,Charlock
a0f37c726.png,Small-flowered Cranesbill
5883b423d.png,Scentless Mayweed
cf90fc52d.png,Maize
0c27cf05f.png,Loose Silky-bent
a060c1cf8.png,Maize
25cf6eb73.png,Maize
f593c9cf0.png,Sugar beet
1459e96a0.png,Cleavers
79dafec17.png,Loose Silky-bent
122913909.png,Maize
9643fc5f4.png,Charlock
60ee66ddd.png,Cleavers
da9ef7858.png,Charlock
172f9b10b.png,Common Chickweed
8c9953903.png,Fat Hen
da5255450.png,Common Chickweed
593896f83.png,Common Chickweed
c832e4302.png,Fat Hen
1d321253f.png,Fat Hen
e1a0e3202.png,Loose Silky-bent
1f5e5554e.png,Small-flowered Cranesbill
64fe8beb9.png,Scentless Mayweed
3fbf1a417.png,Cleavers
04814f36d.png,Scentless Mayweed
75cb95e91.png,Charlock
23bc8ec4f.png,Common Chickweed
0dba99002.png,Sugar beet
88ac6df54.png,Loose Silky-bent
afcf6abd5.png,Small-flowered Cranesbill
b130a0632.png,Cleavers
4bbf1f6ea.png,Fat Hen
9516e56c4.png,Black-grass
adb7a032c.png,Loose Silky-bent
523e5505c.png,Fat Hen
bd72d4d8a.png,Scentless Mayweed
e3f50adfc.png,Cleavers
3dd52bd2a.png,Small-flowered Cranesbill
a276c65f7.png,Loose Silky-bent
97844bfd5.png,Shepherds Purse
37c3108d6.png,Shepherds Purse
862b8e7a0.png,Sugar beet
39d569be4.png,Loose Silky-bent
98062cd87.png,Common Chickweed
b7192c70f.png,Common wheat
1be0713da.png,Cleavers
32b42c120.png,Small-flowered Cranesbill
b31292706.png,Common Chickweed
87f627bf9.png,Common Chickweed
74068643d.png,Loose Silky-bent
dce2f6612.png,Common Chickweed
2a667e099.png,Fat Hen
0ae6668fa.png,Loose Silky-bent
466bb6d3b.png,Maize
bebcaab66.png,Scentless Mayweed
d2fd9df40.png,Loose Silky-bent
05341a8a6.png,Scentless Mayweed
37297a64c.png,Common Chickweed
da4ed3a28.png,Charlock
1dc7c45df.png,Loose Silky-bent
bea23d9f8.png,Scentless Mayweed
3d67c434b.png,Fat Hen
19618ad6a.png,Sugar beet
fb022edf9.png,Sugar beet
e0ec5b6a1.png,Sugar beet
f351ce097.png,Loose Silky-bent
d01873fdd.png,Loose Silky-bent
24d78df74.png,Common Chickweed
92292055d.png,Common Chickweed
caa2fbd79.png,Common Chickweed
5af1d74ee.png,Sugar beet
8ca6140ca.png,Loose Silky-bent
3d65168c2.png,Common Chickweed
f4caf74f9.png,Charlock
6df8e31ea.png,Charlock
d350a25fa.png,Common Chickweed
abc331628.png,Common wheat
5a38ac566.png,Loose Silky-bent
cc3d2a59a.png,Sugar beet
c7ae30f3a.png,Scentless Mayweed
099b961ec.png,Shepherds Purse
d17f48d3b.png,Scentless Mayweed
d6c8c3c48.png,Small-flowered Cranesbill
fba8fc78a.png,Black-grass
36d62bf36.png,Common wheat
03ef36742.png,Scentless Mayweed
8916793ce.png,Small-flowered Cranesbill
ef7a5651d.png,Scentless Mayweed
e9d48d664.png,Shepherds Purse
dc55449b2.png,Sugar beet
c1ecff98b.png,Loose Silky-bent
800a8c17e.png,Fat Hen
4b155fb07.png,Maize
53e6e9000.png,Common wheat
177d7e2a4.png,Common Chickweed
0ebf8f2f4.png,Maize
da713c465.png,Black-grass
4a337a4a9.png,Fat Hen
8b043093d.png,Small-flowered Cranesbill
acdb75e00.png,Loose Silky-bent
391dcd7fd.png,Black-grass
69d1669f8.png,Charlock
a19c3faca.png,Cleavers
a2c89c367.png,Charlock
2e86f1085.png,Fat Hen
258b1183c.png,Cleavers
8dbb8e1b9.png,Charlock
3edf5e9ef.png,Common wheat
456d507c0.png,Cleavers
ba3ce6b3e.png,Scentless Mayweed
20e562fd5.png,Sugar beet
0086a6340.png,Common Chickweed
d14aa43f3.png,Small-flowered Cranesbill
f9b6bfb00.png,Cleavers
558aa7deb.png,Black-grass
f25996db8.png,Small-flowered Cranesbill
f9ea23fb5.png,Fat Hen
f2dc546ca.png,Cleavers
0ad9e7dfb.png,Sugar beet
b7a7f6390.png,Fat Hen
948cdb277.png,Cleavers
df11d56a7.png,Sugar beet
b573b7a56.png,Loose Silky-bent
bfab3e3d0.png,Sugar beet
c88ebfb47.png,Small-flowered Cranesbill
071cb3ece.png,Sugar beet
bb64660b7.png,Sugar beet
ac75d3326.png,Black-grass
3f64c2c1b.png,Common wheat
80e299ae9.png,Shepherds Purse
0911d3dee.png,Common Chickweed
e6f1211a2.png,Sugar beet
0885e7690.png,Scentless Mayweed
cfd8165e9.png,Charlock
8ece6efec.png,Scentless Mayweed
6be169e41.png,Shepherds Purse
fda0b5c38.png,Common wheat
23e480e64.png,Shepherds Purse
90b595f12.png,Common Chickweed
686dc7ec8.png,Black-grass
026716f9b.png,Loose Silky-bent
39858776a.png,Cleavers
502dff972.png,Small-flowered Cranesbill
cec5bf198.png,Cleavers
0c51bf229.png,Maize
c06e7c748.png,Scentless Mayweed
a935ca110.png,Loose Silky-bent
71b232519.png,Black-grass
63c07d340.png,Sugar beet
a800caead.png,Sugar beet
0c5f6c493.png,Loose Silky-bent
90d119d25.png,Scentless Mayweed
966ae5ad9.png,Black-grass
4f83143e1.png,Maize
a2d25b4f3.png,Small-flowered Cranesbill
1d48b7564.png,Loose Silky-bent
9d3cb4745.png,Common wheat
0751c0bbc.png,Sugar beet
a890ac088.png,Charlock
a254d71f6.png,Loose Silky-bent
b47691c08.png,Scentless Mayweed
a0b393945.png,Small-flowered Cranesbill
37e545a60.png,Common Chickweed
c60e91e07.png,Loose Silky-bent
3eda9cbb6.png,Scentless Mayweed
5817b766d.png,Shepherds Purse
007b3da8b.png,Sugar beet
3bbef3ecb.png,Scentless Mayweed
4049a6ea6.png,Loose Silky-bent
b944a49ca.png,Loose Silky-bent
33317fc2a.png,Fat Hen
1fefb54b7.png,Fat Hen
c5e419015.png,Scentless Mayweed
0d117d910.png,Common Chickweed
af45e222a.png,Scentless Mayweed
b1cd2a91e.png,Cleavers
3abb502fb.png,Loose Silky-bent
71334c634.png,Maize
958bb9e96.png,Charlock
55fed435f.png,Maize
5bc6595f6.png,Maize
f4234cf4f.png,Fat Hen
855955aaf.png,Small-flowered Cranesbill
e14afa235.png,Black-grass
03566743d.png,Fat Hen
48ef6a2ff.png,Common wheat
1b490196c.png,Shepherds Purse
00d090cde.png,Loose Silky-bent
a85fc8c9a.png,Small-flowered Cranesbill
37714071b.png,Shepherds Purse
866be78b0.png,Common Chickweed
dabe3e5be.png,Small-flowered Cranesbill
c75a82234.png,Scentless Mayweed
36ed4f215.png,Common Chickweed
03e322a29.png,Sugar beet
a8de7c1b7.png,Loose Silky-bent
1c52ea820.png,Fat Hen
754b1adf8.png,Small-flowered Cranesbill
9b9911f20.png,Scentless Mayweed
b026bf8ca.png,Loose Silky-bent
85431c075.png,Loose Silky-bent
f23faf9c1.png,Loose Silky-bent
e1abb4ff9.png,Sugar beet
f48916a8c.png,Scentless Mayweed
063363305.png,Small-flowered Cranesbill
a544fc46d.png,Scentless Mayweed
c64370a72.png,Sugar beet
e9cd91682.png,Common Chickweed
b215531dd.png,Cleavers
1541bdb2e.png,Maize
d6d31dcbe.png,Scentless Mayweed
9c777333d.png,Common Chickweed
abf8b0772.png,Scentless Mayweed
7cabd68cc.png,Loose Silky-bent
19fdf19fb.png,Common wheat
3526b05cc.png,Scentless Mayweed
d2f422ccb.png,Common Chickweed
cd6adba97.png,Small-flowered Cranesbill
55251925f.png,Common Chickweed
1f290e016.png,Scentless Mayweed
6c874918c.png,Black-grass
24d36c52c.png,Common Chickweed
14bb43eee.png,Common wheat
2f246d688.png,Small-flowered Cranesbill
74d810f87.png,Loose Silky-bent
dd5ec63d9.png,Sugar beet
8585f9718.png,Loose Silky-bent
589e643b8.png,Shepherds Purse
060f1dc84.png,Shepherds Purse
c2de6020a.png,Small-flowered Cranesbill
16357b436.png,Loose Silky-bent
17529c555.png,Scentless Mayweed
0fb233ad6.png,Small-flowered Cranesbill
e5064f6be.png,Sugar beet
ad12382d4.png,Loose Silky-bent
a8388a37f.png,Fat Hen
96ecad7a1.png,Small-flowered Cranesbill
5f04aed97.png,Small-flowered Cranesbill
2126dc71b.png,Common Chickweed
aaf4da98f.png,Sugar beet
8170d33c1.png,Maize
6b721f68e.png,Black-grass
653193c1a.png,Common wheat
721be0a4a.png,Loose Silky-bent
089ad62a7.png,Common Chickweed
a83820a2c.png,Sugar beet
f1e87cba7.png,Loose Silky-bent
fc6f686fb.png,Sugar beet
606647f64.png,Common Chickweed
d515398fd.png,Loose Silky-bent
29ce426a1.png,Common Chickweed
1e095a7e1.png,Small-flowered Cranesbill
c0d9e170b.png,Small-flowered Cranesbill
ede6b84b4.png,Cleavers
59e1cea8d.png,Cleavers
2d992d1fb.png,Loose Silky-bent
f4e7733d4.png,Small-flowered Cranesbill
060450d79.png,Common Chickweed
beebe5f4e.png,Scentless Mayweed
a3d0031fd.png,Loose Silky-bent
17a78fb44.png,Common wheat
ef02b4ee7.png,Sugar beet
41e07778c.png,Cleavers
d5f7dd60a.png,Scentless Mayweed
e901b0f28.png,Fat Hen
429211ee6.png,Fat Hen
5c3cd7ea2.png,Scentless Mayweed
d93c7ab6d.png,Loose Silky-bent
1d0cbd819.png,Loose Silky-bent
78b1bf91a.png,Sugar beet
756dd5070.png,Common Chickweed
65e97117e.png,Loose Silky-bent
615d2b0a9.png,Sugar beet
c10ccbd82.png,Scentless Mayweed
ef65533d5.png,Loose Silky-bent
2ff5cb348.png,Sugar beet
e73e308be.png,Fat Hen
1bf9b94a6.png,Scentless Mayweed
24a058589.png,Charlock
fe9e87b78.png,Scentless Mayweed
f445fe6fb.png,Charlock
851c90831.png,Black-grass
02cfeb38d.png,Loose Silky-bent
721b2c47a.png,Fat Hen
bf3924a57.png,Common Chickweed
33748968f.png,Cleavers
54b3afd58.png,Cleavers
59358cd44.png,Small-flowered Cranesbill
ce3d280eb.png,Common Chickweed
7f31c7f42.png,Loose Silky-bent
8cf909eb3.png,Charlock
406ecb5c5.png,Charlock
3f92d8039.png,Loose Silky-bent
6dd095129.png,Common Chickweed
675ec1b0b.png,Small-flowered Cranesbill
835dc5447.png,Small-flowered Cranesbill
8c98a6e9b.png,Loose Silky-bent
2bd74d2da.png,Loose Silky-bent
7c85b0265.png,Loose Silky-bent
1d56351b2.png,Common Chickweed
48d97c645.png,Small-flowered Cranesbill
486e59179.png,Common Chickweed
b6f3d8b5d.png,Scentless Mayweed
36839d5e9.png,Scentless Mayweed
4e69d100a.png,Small-flowered Cranesbill
b39c71707.png,Maize
25fa8d109.png,Common wheat
32a8c8a1d.png,Loose Silky-bent
d0152bd7c.png,Fat Hen
406162ef9.png,Charlock
115f93ecc.png,Loose Silky-bent
b687160f5.png,Small-flowered Cranesbill
dc4cd56a3.png,Loose Silky-bent
6a47821f9.png,Loose Silky-bent
9c8b08a24.png,Loose Silky-bent
d6d80a321.png,Scentless Mayweed
5eb9c26a6.png,Loose Silky-bent
35cf9fa01.png,Shepherds Purse
79fba50db.png,Common Chickweed
2df78338c.png,Common Chickweed
c26ccf73c.png,Common Chickweed
16467a950.png,Loose Silky-bent
550a8b7e6.png,Small-flowered Cranesbill
32c86784b.png,Common Chickweed
de0b79659.png,Fat Hen
4392d93cf.png,Fat Hen
8cfd98117.png,Scentless Mayweed
e4d5ec761.png,Loose Silky-bent
7f46a71db.png,Sugar beet
9a3f20121.png,Loose Silky-bent
b6a3f7876.png,Black-grass
60fea2ef6.png,Sugar beet
a74bf916d.png,Shepherds Purse
5bd71f445.png,Common Chickweed
808578ed5.png,Charlock
a35fd6fbb.png,Common Chickweed
d09275360.png,Sugar beet
ce42adffb.png,Loose Silky-bent
6db684fff.png,Scentless Mayweed
cadab6616.png,Shepherds Purse
c5e88cd42.png,Common Chickweed
e82017baa.png,Black-grass
f66ae4070.png,Maize
165681fd9.png,Shepherds Purse
ce15eee52.png,Charlock
239bdf640.png,Charlock
ef74dbcad.png,Scentless Mayweed
47b7d8e17.png,Small-flowered Cranesbill
bd789d151.png,Common Chickweed
65d08b894.png,Sugar beet
a1e0a6c02.png,Cleavers
50de8a115.png,Shepherds Purse
e5297b675.png,Loose Silky-bent
085974290.png,Scentless Mayweed
126a71ce0.png,Charlock
1312065a5.png,Small-flowered Cranesbill
8301b0547.png,Charlock
8e2e5604e.png,Sugar beet
a85b48a95.png,Scentless Mayweed
1821eb11a.png,Scentless Mayweed
4bbfd1e05.png,Cleavers
cf3a8b2fd.png,Loose Silky-bent
5bbc0a255.png,Common Chickweed
c0bc3997b.png,Scentless Mayweed
808cf55c6.png,Shepherds Purse
59f62ad1d.png,Loose Silky-bent
c63da993b.png,Sugar beet
b98327bf4.png,Scentless Mayweed
f4021df6c.png,Fat Hen
78750e0ff.png,Charlock
e921021a8.png,Fat Hen
9df3275da.png,Small-flowered Cranesbill
98d819587.png,Shepherds Purse
20817c846.png,Scentless Mayweed
270b939cf.png,Common Chickweed
e80a259c5.png,Small-flowered Cranesbill
7506c0c02.png,Scentless Mayweed
66ab0e8d0.png,Charlock
dabea05f4.png,Loose Silky-bent
770a265f5.png,Small-flowered Cranesbill
17d5e5ac4.png,Loose Silky-bent
a006a475c.png,Common Chickweed
0c45ace27.png,Common Chickweed
9c0c5b731.png,Loose Silky-bent
ffc6f8527.png,Common wheat
7b21ba6ba.png,Sugar beet
bb7621cb3.png,Fat Hen
1364b297a.png,Cleavers
7d3045fc3.png,Sugar beet
aecfaed64.png,Shepherds Purse
b0acaff4a.png,Black-grass
0c4199daa.png,Loose Silky-bent
79e5ea8fa.png,Common wheat
e783f5a4f.png,Sugar beet
2a5064f19.png,Common wheat
fdea6b119.png,Black-grass
eef131644.png,Loose Silky-bent
4e18ab737.png,Cleavers
03a2ee656.png,Small-flowered Cranesbill
ff65bc002.png,Charlock
71e73a8a0.png,Sugar beet
3281183f9.png,Scentless Mayweed
d09d24c58.png,Loose Silky-bent
b828443ff.png,Maize
c5078bac5.png,Black-grass
ef9676433.png,Charlock
22e79540f.png,Cleavers
7b52585da.png,Loose Silky-bent
8ab8a958b.png,Fat Hen
1b6a6494d.png,Sugar beet
60f0bc617.png,Small-flowered Cranesbill
1c680883c.png,Loose Silky-bent
eaf0815e2.png,Small-flowered Cranesbill
6da892be6.png,Small-flowered Cranesbill
219fd68d5.png,Scentless Mayweed
c0461776c.png,Common Chickweed
97b2f0a10.png,Small-flowered Cranesbill
44e8b8833.png,Small-flowered Cranesbill
506347cfe.png,Cleavers
fd925f542.png,Common Chickweed
711b46fba.png,Shepherds Purse
b145ba9d4.png,Scentless Mayweed
d3331e071.png,Fat Hen
b4f7c9214.png,Black-grass
444473900.png,Fat Hen
2ea664465.png,Sugar beet
6a41bf95b.png,Scentless Mayweed
8e4eaeec0.png,Common Chickweed
9b4800b42.png,Charlock
7691014a1.png,Charlock
8cf2e3e6c.png,Common Chickweed
91e469b4a.png,Charlock
ef3e232ad.png,Common Chickweed
fadc6adbc.png,Charlock
a8da9c08d.png,Charlock
2d5058a59.png,Common Chickweed
fef2ade8c.png,Sugar beet
7d22abf91.png,Scentless Mayweed
38c054379.png,Small-flowered Cranesbill
bb1d1bfd3.png,Cleavers
9baf94467.png,Sugar beet
c10db7ae2.png,Maize
8e6ec1ca6.png,Small-flowered Cranesbill
668c1007c.png,Charlock
e98e5d1d5.png,Black-grass
22fbf13d6.png,Loose Silky-bent
76555b064.png,Loose Silky-bent
e721c6ac8.png,Black-grass
0bf7bfb05.png,Black-grass
6680836dd.png,Sugar beet
56112b92c.png,Small-flowered Cranesbill
d41d87796.png,Scentless Mayweed
4e9d3765f.png,Charlock
5b3beec58.png,Loose Silky-bent
5e6a237f2.png,Sugar beet
53ceb4657.png,Common Chickweed
288564c76.png,Sugar beet
cbe761896.png,Charlock
42e7ed442.png,Shepherds Purse
fa9f3a8f9.png,Cleavers
00ef713a8.png,Common Chickweed
599c82eea.png,Scentless Mayweed
809eb0b82.png,Charlock
752101fdf.png,Small-flowered Cranesbill
fa5fd1384.png,Shepherds Purse
187668bde.png,Scentless Mayweed
590f5aea6.png,Charlock
1758a1baf.png,Common Chickweed
e471f1d3a.png,Charlock
827279bad.png,Scentless Mayweed
efe19dc32.png,Charlock
3fbd0fc6a.png,Common Chickweed
953496deb.png,Fat Hen
4bcdaa5e2.png,Shepherds Purse
52a87abe5.png,Fat Hen
52dc7a4d6.png,Common Chickweed
8303b27ed.png,Loose Silky-bent
856f2910a.png,Small-flowered Cranesbill
892e9d6c6.png,Scentless Mayweed
0e8492cb1.png,Sugar beet
1623fb9e1.png,Fat Hen
241e6935a.png,Sugar beet
67ce3eaa6.png,Small-flowered Cranesbill
0d31e6602.png,Small-flowered Cranesbill
dcd7ff249.png,Loose Silky-bent
f8318faf1.png,Scentless Mayweed
2dd5cfba9.png,Shepherds Purse
a3b375b34.png,Loose Silky-bent
3da774107.png,Fat Hen
5ca0205f9.png,Charlock
3d38a87bc.png,Loose Silky-bent
9cce7328c.png,Loose Silky-bent
2406d6c99.png,Shepherds Purse
b9062c1c8.png,Sugar beet
a4b61a4ea.png,Loose Silky-bent
521b27a17.png,Loose Silky-bent
8d6991365.png,Black-grass
33448fe39.png,Loose Silky-bent
aa7d098d1.png,Common Chickweed
d0cdc768f.png,Common wheat
20ea96bcc.png,Fat Hen
b3e08b037.png,Fat Hen
4ac29bbf0.png,Common Chickweed
a5db42f7d.png,Maize
a38b8a581.png,Small-flowered Cranesbill
25a4c427e.png,Loose Silky-bent
5ee9d0a5b.png,Loose Silky-bent
9c32a797e.png,Common wheat
5779fe8b4.png,Fat Hen
7e9cf1c46.png,Common Chickweed
bf66b9cd2.png,Maize
e19673dc9.png,Charlock
c4ed8ed38.png,Charlock
647689543.png,Loose Silky-bent
cae684f8f.png,Charlock
e478c452c.png,Sugar beet
f33e9d918.png,Scentless Mayweed
86c309150.png,Sugar beet
4c5ab9b68.png,Cleavers
223e4af09.png,Cleavers
592cc5b89.png,Loose Silky-bent
47f9e5d91.png,Common Chickweed
4e1190d78.png,Black-grass
8a30b2de3.png,Sugar beet
e5e3dccff.png,Common wheat
d488a4fe1.png,Common wheat
b4c3df835.png,Maize
8104422bb.png,Common Chickweed
8b27bfd2b.png,Small-flowered Cranesbill
99569b224.png,Common wheat
fd87b36ae.png,Loose Silky-bent
46c14fde2.png,Black-grass
0437393b1.png,Fat Hen
86676d627.png,Fat Hen
6982a9d30.png,Small-flowered Cranesbill
6d6eb3830.png,Shepherds Purse
824f5d4e5.png,Sugar beet
9aa5587fe.png,Loose Silky-bent
30ad31220.png,Charlock
c0f5d9ac8.png,Small-flowered Cranesbill
3eebd36c6.png,Charlock
76dbd1054.png,Scentless Mayweed
976e4e079.png,Common Chickweed
410e6f702.png,Small-flowered Cranesbill
59c6a9f95.png,Fat Hen
8a32d0bfa.png,Small-flowered Cranesbill
08d591441.png,Sugar beet
fea3da57c.png,Sugar beet
5b3000b9a.png,Maize
b03397525.png,Loose Silky-bent
43ede9de9.png,Charlock
043449b0b.png,Sugar beet
fe29629fb.png,Scentless Mayweed
780bd2a2c.png,Sugar beet
ae90f2827.png,Common Chickweed
699d3c707.png,Sugar beet
cb496f36e.png,Loose Silky-bent
c6c8d4ba0.png,Black-grass
8bc0261c9.png,Loose Silky-bent
6b9d6f8c9.png,Sugar beet
9326bda1b.png,Common Chickweed
26852751a.png,Charlock
24dbc3b21.png,Sugar beet
f3fcfff1b.png,Cleavers
9fab816f2.png,Fat Hen
16fd2e01a.png,Small-flowered Cranesbill
ec08a5d56.png,Small-flowered Cranesbill
82b5f4d33.png,Shepherds Purse
eec1079a1.png,Charlock
338c7e907.png,Charlock
c7b07431e.png,Scentless Mayweed
0ee4ad224.png,Scentless Mayweed
f9f35cbd4.png,Common Chickweed
e1809cef2.png,Scentless Mayweed
cf46d09c5.png,Common Chickweed
00c47e980.png,Sugar beet
88d8a4508.png,Maize
71f5323c5.png,Loose Silky-bent
377283a21.png,Maize
4ea7493d5.png,Sugar beet
f0ffa00bd.png,Sugar beet
be2499cf4.png,Black-grass
31fcdc161.png,Maize
93079d970.png,Sugar beet
248436078.png,Cleavers
4823c3ffa.png,Scentless Mayweed
148bbda66.png,Charlock
61b044411.png,Loose Silky-bent
5bdcfa329.png,Loose Silky-bent
0625f063b.png,Common Chickweed
29bab7cad.png,Common Chickweed
e84464f5a.png,Cleavers
728eabae1.png,Charlock
618de3d7a.png,Charlock
d9c50616e.png,Sugar beet
f6d250856.png,Shepherds Purse
e7077322d.png,Scentless Mayweed
3a909ead8.png,Small-flowered Cranesbill
8874bba69.png,Loose Silky-bent
be341dbdc.png,Loose Silky-bent
7f9e9565d.png,Scentless Mayweed
59b2c6f2b.png,Common Chickweed
b3d6fdb80.png,Shepherds Purse
8a4d3a1b1.png,Loose Silky-bent
8db450ce3.png,Common Chickweed
4c7838de4.png,Common Chickweed
34dd57ca9.png,Loose Silky-bent
a9d2eab61.png,Black-grass
73260a4ee.png,Fat Hen
86f08e6d1.png,Fat Hen
d84d37a61.png,Common Chickweed
65489944f.png,Shepherds Purse
8e3ed0a25.png,Small-flowered Cranesbill
a7bd7cadb.png,Fat Hen
8faadb6a8.png,Sugar beet
fc3e58836.png,Scentless Mayweed
664194d19.png,Small-flowered Cranesbill
3ebbe9ca4.png,Charlock
d8f4923f8.png,Common Chickweed
29f49cd0b.png,Fat Hen
dfb1d9012.png,Loose Silky-bent
6ba4ef411.png,Cleavers
c50335991.png,Fat Hen
77ccb8b2a.png,Small-flowered Cranesbill
c8f50f0c3.png,Common wheat
604dd663f.png,Shepherds Purse
39b740f7e.png,Black-grass
d102e1a15.png,Cleavers
2f0004a7f.png,Common wheat
07e62f903.png,Maize
837ac0270.png,Scentless Mayweed
c35efa095.png,Scentless Mayweed
bb20fce02.png,Scentless Mayweed
6bce55e05.png,Cleavers
599691cd9.png,Small-flowered Cranesbill
24c94a6ca.png,Sugar beet
b30ab4659.png,Cleavers
a1da8be3c.png,Maize
fda39e16f.png,Loose Silky-bent
fea355851.png,Loose Silky-bent
61dd2cdc5.png,Common wheat
2b55a2da2.png,Charlock
bb1c84bbc.png,Loose Silky-bent
6049234e6.png,Fat Hen
cfb18d262.png,Scentless Mayweed
55920f07f.png,Maize
e88bf0db9.png,Small-flowered Cranesbill
67e185673.png,Small-flowered Cranesbill
8b9144917.png,Small-flowered Cranesbill
a8c8a1db0.png,Shepherds Purse
78c5fba1d.png,Fat Hen
a93f940d6.png,Scentless Mayweed
3185294c8.png,Scentless Mayweed
963544aa0.png,Black-grass
1376f3b63.png,Loose Silky-bent
c069fc3fa.png,Fat Hen
116b136de.png,Sugar beet
446f7da01.png,Loose Silky-bent
65e262a6d.png,Charlock
c7051c902.png,Common Chickweed
4f44ca525.png,Common Chickweed
0a64e3e6c.png,Black-grass
a55d26a4c.png,Common Chickweed
7a38416be.png,Charlock
da231c97f.png,Scentless Mayweed
969a851be.png,Scentless Mayweed
1926e82fd.png,Loose Silky-bent
785a73ab8.png,Common Chickweed
5dcad9a53.png,Small-flowered Cranesbill
ab0f67743.png,Black-grass
8a8d6c712.png,Cleavers
5ca2687a4.png,Maize
a169b71e7.png,Charlock
1cfd91582.png,Charlock
8e29abce1.png,Scentless Mayweed
e15fce4f2.png,Scentless Mayweed
06d12f6fa.png,Shepherds Purse
aad8375e0.png,Shepherds Purse
6edb96d45.png,Cleavers
ac3193f78.png,Common Chickweed
0021e90e4.png,Small-flowered Cranesbill
a74d475c2.png,Common Chickweed
bdde957ec.png,Scentless Mayweed
3827436f3.png,Common Chickweed
e19ad6ac9.png,Charlock
279df95f2.png,Sugar beet
d689256be.png,Common wheat
35a90f8d0.png,Scentless Mayweed
7fdb7202d.png,Scentless Mayweed
a2b703e21.png,Small-flowered Cranesbill
96f14d90c.png,Sugar beet
99036c51d.png,Black-grass
8d6acbe9b.png,Common Chickweed
b341d0aab.png,Common Chickweed
20f983a71.png,Fat Hen
205df1df3.png,Fat Hen
3e9f41817.png,Loose Silky-bent
d89db156f.png,Small-flowered Cranesbill
df7cb5f87.png,Common Chickweed
e5881dd33.png,Fat Hen
01291174f.png,Fat Hen
11d3f68ff.png,Loose Silky-bent
780defa2e.png,Common Chickweed
26e7ae885.png,Fat Hen
003d61042.png,Fat Hen
c85ef220d.png,Common Chickweed
7615e52d3.png,Cleavers
4287d810c.png,Common Chickweed
1191ba346.png,Cleavers
2d9c798f9.png,Small-flowered Cranesbill
